<?xml version="1.0" encoding="UTF-8"?>  
<!DOCTYPE log4j:configuration SYSTEM "log4j.dtd">  
<log4j:configuration xmlns:log4j="http://jakarta.apache.org/log4j/">  

    <appender name="stdout" class="org.apache.log4j.ConsoleAppender">  
        <layout class="org.apache.log4j.PatternLayout">  
            <param name="ConversionPattern" value="%t [%d{yyyy-MM-dd HH:mm:ss}] [%c{1}] [%L] [%p] %m %n"/>  
        </layout>  
    </appender>  
    <appender name="dailyout" class="org.apache.log4j.DailyRollingFileAppender">  
        <param name="file" value="C:\\zzz\\dailyout.log"/>  
        <param name="Append" value="true"/>  
        <param name="DatePattern" value="'.'yyMMdd"/>  
        <layout class="org.apache.log4j.PatternLayout">  
            <param name="ConversionPattern" value="%t> [%d{yyyy-MM-dd HH:mm:ss}] [%c{1}] [%L] [%p] %m %n"/>  
        </layout>  
    </appender>  
 

    <logger name="org.springframework" additivity="false">
        <level value="WARN" />
        <appender-ref ref="dailyout" />
        <appender-ref ref="stdout" />
    </logger> 
 

    <root>  
        <level value="DEBUG"/>  
        <appender-ref ref="stdout"/> 
        <appender-ref ref="dailyout" /> 
    </root>  
</log4j:configuration>  