<?xml version="1.0" encoding="UTF-8" ?>
<!DOCTYPE configuration
  PUBLIC "-//mybatis.org//DTD Config 3.0//EN"
  "http://mybatis.org/dtd/mybatis-3-config.dtd">
<configuration>

	<settings>
		<setting name="logImpl" value="LOG4J" />
	</settings>

	<typeAliases>
		<package name="org.zerock.board.domain" />
	</typeAliases>

	<environments default="development">
		<environment id="development">
			<transactionManager type="JDBC" />
			<dataSource type="POOLED">
				<property name="driver"
					value="oracle.jdbc.driver.OracleDriver" />
				<property name="url"
					value="jdbc:oracle:thin:@112.169.196.210:1521:XE" />
				<property name="username" value="geon" />
				<property name="password" value="geon" />
			</dataSource>
		</environment>
	</environments>

	<mappers>
		<mapper resource="org/zerock/time/dao/TimeMapper.xml" />
		<mapper resource="org/zerock/board/dao/BoardMapper.xml" />
	</mappers>

</configuration>




