<?xml version="1.0" encoding="UTF-8" ?>
<!DOCTYPE configuration
  PUBLIC "-//mybatis.org//DTD Config 3.0//EN"
  "http://mybatis.org/dtd/mybatis-3-config.dtd">
<configuration>

	<settings>
		<setting name="logImpl" value="LOG4J" />
	</settings>

	<typeAliases>
	</typeAliases>

	<environments default="development">
		<environment id="development">
			<transactionManager type="JDBC" />
			<dataSource type="POOLED">
				<property name="driver"
					value="oracle.jdbc.driver.OracleDriver" />
				<property name="url"
					value="jdbc:oracle:thin:@112.169.196.210:1521:XE" />
				<property name="username" value="team10" />
				<property name="password" value="team10" />
			</dataSource>
		</environment>
	</environments>

	<mappers>

	</mappers>

</configuration>




